question,answer
how to control flower drop in bottelgourd,spray planofix4mlpump
how tyo control diseases in buffalo,
how to control fruit borer in brinjal,should be spray profenophos 35mlpump
how to control of yellow moisac in moong,should be spray metasystox 35mlpump
how to control white fly in brinjal,should be spray metasystox 35mlpump
how to control termite in wheat,use chlorpyrephos1lithactwith the help of irrigation
how to control chilli thrips,sprey cypermethrin15 mlpump
how to increase milk in buffalo,use gylox 20 gm twice a day
how to control sucking pest in bottle gourd,shhould be spray metasystox 35mlpump
what is the control of the semilooper in the soybean,apply the qunalphos 300 ml per acre
how to control becterial blight in tomato,should be spray mancozeb 35mlpump
what is the control of the pest in sugarcane,spray of the quinalfos 10 granule 1015 kgha
what is the control of the bihar hairy caterpillar,chlorpyriphos 20 ec 15 lithaor trizophos 40 ec 08 lithaor quinolphos 25 ec 15 lithaor methomyl 40 sp 100ghaor ethion 50 ec 15 litha or ethofenprox 10 ec 1 litha
what are control of cow pea mosaic,spray trizophose 30 ml pump
what is the control of the tobacco caterpillar,deltarnathrin 28 ec 750 mlhaor quinolphos 25 ec 1000mlhaor ethofenprox 10 ec 1000mlha in case of severe infestation apply polytrin 44 1 litha or profenophos 50 ec 200 litha always use hollow cone noozle for spraying dust endosulfan 4 or quinalphos 15 25kgha when their population is likely to reach 10m row length etl repeat it as eeded
what is the control of the insect in coriander,quinolphos 25 ec 1000mlhaor ethofenprox 10 ec 1000mlha in case of severe infestation apply polytrin 44 1 litha or profenophos 50 ec 200 litha always use hollow cone noozle for spraying dust endosulfan 4 or quinalphos 15 25kgha when their population is likely to reach 10m row length etl repeat it as eeded
what is the important varieties of the cabbage for the madhya pradesh,pusa mukta pride of india ganga kaveri and yamuna are the important varieties of the cabbage for the madhya pradesh
what is the control of the semilooper in the soybean,apply the qunalphose 300 ml per acre
how to control yellow moisac in moong,should be spray metasystox 35mlpump
how to control white fly in brinjal,should be spray metasystox 35mlpump
how to control shoot and fruit borer in brinjal,should be spray cyper methrin 3035mlpump
how to contro yellow moisac in moong,should be spray metasystox 35mlpump
how to control powdery mildew in bottle gourd,should be spray wetable sulfar 16mlpump
how to control weed in field,should be spray glyphoset 15litreha
what are control of cauliflower yellow leaf,spray trizophose 40 ml pump
how to control powdery mildew in bottle gourd,should be spray wetable sulphar 16mlpump
how to control sucking pest in moong,should be spray metasystox 35mlpump
what is the control of the termites,application of chlorpyriphos or carbofuran granules into the soil before sowing or seed treatment with chlorpyriphos 4mlkg of seed or endosulfan 7mlkg of seed spray insecticides like polytrin c44ec at the rate of 1000 mlha
how to copntrol caterpillar in aonla,applied endosulfan drop by injection in plant
how to controlsucking pest in moong,should be spray metasystox 35mlpump
how to contol of altenariya leasf spot in cotton,
how to contol of altenariya leasf spot in cotton,should be appply spray mancozeb 35mlpump
how to control stem borer in paddy,should be spray chloropyriphos 15kgha with irrigation water
how to control yellow stem borer in paddy,applied dust chloropyriphos 15kgha wuith irrigation water
how to control aphids in groundnut,should be spray metasystox 35mlpump
how to control flower drop in papaya,should be spray planofix 35mlpump
how to control diesase in buffalo,contect at nearest animal jospital
how to control leaf curl in tomato,should be spray imidacloprid 35mlpump
whast is the ontrol of the tobbacco catter pillar in the soybean,apply the trizophos 250 ml per acre
what is the control of fruit dropping in mango,apply to you spray of planofix 5 mlpump
how to control yellowvein mosaic of bhindi,sprey metasistox15mlpump
how to control sucking pest in moong,should be spray metasystox 35mlpump
how to control of shoot borer in maize,spray dltamethrin 35mlpump
how to control termite in wheat field,use chlorpyrephos1lithactwhit the help of irrigation water
flowr inducer sptay in soyabean,spray vipul 15 ml pump
how to control of green gram mosaic,spray imidacloprid 5 ml pump
how to control of green gram mosaic,
what is the control of the gram pod borer,spray insecticides like polytrin c 44 ec 1000 mlhaor profenophos 50 ec 1500 mlhaor spark 36 ec at the rate of 1000 mlhaor chlorpyriphos 20 ec 200 ml acephate 100 mlha
what is the important varieties of the potato for the madhya pradesh,kufari kisan and kufari chandan are the important varieties of the potato for the madhya pradesh
what is the control of the borer,dusting with endosulfan 4 or fanvalerate 04 or quinolphos 15 25 to 30 kgha spray with endosulfan 35 ec 1200 mlha or quinolphos 25 ec 10 litha in case of severe infestation apply profenophos cypermethrin 44 ec 1litha
what is the control of the semilooper,profenophos 50 ec 1500 mlhaor spark 36 ec at the rate of 1000 mlhaor chlorpyriphos 20 ec 200 ml acephate 100 mlha
how to control flower drop in bottle gourd,should be spray planofix 7mlpump
what is the contol of green cattr pillar in the soybean,
how to control yellow moisac in moong,spraying for dimethod 7501000mlha
how to control pumkin beetle in cucumber,should be spray profenophos 35mlpump
how to control thrips in chilli,should be spray dimethod 35mlpump
what are control of cotton white fly,spray imidacloprid 5 ml pump
how to control white fly in brinjal,should be spray metasystox 35mlpump
how to control fruit borer in bitter gourd,should be spray profenophos 35mlpump
how to control leaf curl in tomato,should be spray metasystox 35mlpoump
what is the important varieties of the coriander for the madhya pradesh,gujrat dhaniya one and gujrat dhaniya two are the good varieties of the dhaniya for the madhya pradesh
how to control sucking pest in cowpea,should be spray dimethod 35mlpump
how to control fruit borer in bitter gourd,should be spray profenophos 35mlpump
variety of onion,pusa rednasik red
how to control aphid jassid and thrips in cotton,
how to control aphidjassid and thrips in cotton,apply to you spray of immidachloroprid 15 mlpump of crop for control its
what are varieties of maize,sown on varieties ganga5 deccan101naveen and jyoti etc
how to control hopper in mango,should be spray dimethod 35mlpump
how to control aphids in coriander,should be spray metasystox 35mlpump
what are control of cotton aphids,spray imiacloprid 5 ml pump
how to increase milk production of cow,you can give gylox powder 100 gram in a day for increase milk production of cow
how to control fruit drop in jackfruit,
how to control fruit drop in jackfruit,
how to control fruit drop in jackfruit,apply to you spray of planofix 5 mlpump for control its
how to control fruit drop in jackfruit,
what are control of sorghum stem borer,spray trizophose 40 ml pump
chilli flower dropping control,spray planofix 15 ml pump
control chilli leaf curling,
control chilli leaf curling,spray acetamiprid 5 ml pump
how to brackout wheat stra in field,you drive to herro i field
what is the control of yellow mosaic in bhindi,apply to you spray monocrotophos 30 mlpump
how to control of fruit borer in brinjal,spay for profenophos 35mlpump
potato seed sowing,sow in oct nov
how to control becterial blight in tomato,should be spray metasystox 35mlpump
how to control flower drop in brinjal,sprey planofix4mlpump
how to control sucking pest in urd,should be spray deltamethrin 25mlpump
what is the control of fruit and shoot bore in bhindi,you can carbyrl dust 2025 kg in a hactare for control its
what is til white fly control,spray acetamiprid 5 ml pump
how to control fruit drop in jackfruit,apply to you spray of planofix 5 mlpump for control its
what is sowing time of bishops weed,octumber to november are suitable time of bishops weed
what is the control of the soybean aphid,spray 001 endosulphan 35 ec or 005 quinalphos 25 ec or 001 malathionor spray monocrotophos 36 sc oxydemeton methyl metasystox 25 ec or dimethoate rogor 30 ec 1012 ml in 10 i water 750 1000 i sprayha at the crop age of 3540 days and repeat after 15 days if needed
how to control of naerosis in soybean,should be apply spray mancozeb mlpump
what is give you information fuit borer controller of binjal,tryzophos30mlpump spray crop in brinjal
how to control becterial blight in brinjal,applied vavistin 15kgha with irrigation water
how to control becterial blight in brinjal,
what is the control of the gram cutworm,deltamethrin 28 ec 750 mlhaor quinalphos 25 ec 1000 mlhaorin case of severe infestation spray insecticides like polytrin c44 ec 1000 mlha
what is the control of purple blotches in onion,you can spray of mencozeb 2025 mlpump of crop for control its
what is the control of the bihar hairy caterpillar spilosoma obliqua,trizophos 40 ec 08 lithaor quinolphos 25 ec 15 lithaor methomyl 40 sp 100ghaor ethion 50 ec 15 litha
what is the control of the tobacco caterpillar spodoptera litura,quinolphos 25 ec 1000mlhaor ethofenprox 10 ec 1000mlha in case of severe infestation apply polytrin 44 1 litha or profenophos 50 ec 200 litha always use hollow cone noozle for spraying dust endosulfan 4 or quinalphos 15 25kgha when their population is likely to reach 10m row length etl repeat it as eeded
how to control leaf curl in onion,spraying for dimethod 35mlpump
how to control leaf curl in onion,
what is the control of the fruit borer,spray insecticides like polytrin c 44 ec 1000 mlhaor profenophos 50 ec 1500 mlhaor spark 36 ec at the rate of 1000 mlhaor chlorpyriphos 20 ec 200 ml acephate 100 mlha
what is the important varieties of the moong for the madhya pradesh,pant moong one and pant moong two are the good varieties of the moong for the madhya pradesh
how to increase milk production of buffalo,you can give gylox powder 100 gram in a day for increase milk production of buffalo
provide me fishries farming information,
provide me fishries farming information,07552552082 fishries department bhopal for more detail information
how to increase milk production of buffalo,
what is the control of the thrips,spray monocrotophos 36 sc oxydemeton methyl metasystox 25 ec or dimethoate rogor 30 ec 1012 ml in 10 i water 750 1000 i sprayha at the crop age of 3540 days and repeat after 15 days if needed
what is the control of the white fly,spray 001 endosulphan 35 ec or 005 quinalphos 25 ec or 001 malathionor spray monocrotophos 36 sl oxydemeton methyl metasystox 25 ec or dimethoate rogor 30 ec 1012 ml in 10 i water 750 1000 i sprayha at the crop age of 3540 days and repeat after 15 days if needed
what is give you infomation aphid controller of green gram,immidacloprid15mlpump spray crop in green gram
what is give you information catter pillar controller of cotton,melathion30mlpump spray crop in cotton
what is give you information damping off controller of bottole gourd,dithane m4520gpump spray cop in bottole gourd
fruit borer of brinjal,spray endosulphan 35 ec 15 mllt of water
askijng about cultivation of cowpea,answer given detail to farmer
varities of scented rice,pusa basmatisugandhakamini
fertilizer doses of coconut,fertilizer are npk 122 kgplant
varieties of moong,
varieties of moong,varieties are pusa vishalsonasamarst ps16 etc
varieties of moong,
asking about seed rate of kharif bhindi,bhawani krishnaindranilanokhi
stem borer of maize,dusting with carbofuran 3 g 7 kghect
weather condation in khagaria,answer given to detail
varieties of tomato,varieties are north amrit501601bss422pusa hybrid1arka vikashpusa gaurav labonitapanjab chhuharkanchan and seed rate are 500700gmhect and disstance diterminat variety 6045 and inditerminate variety is 6050cm hybrid seed rate 400500gmhect
fruit cracking in mango,spray borex 2 gmlit water
weather condition of katihar dist,answer given to farmer by internet
asking about fruit borer in bhindi,spray endosulphon 2mllit of water
sowing time march  april,
sowing time march  april,sowing time are march  april
fruit borer of brinjal,spray endosulphan 35 ec 15 mllt of water
asking about varities of maize,varities are having shaktiman12 suwandewaki
safflower hybrids,sarpan hybrids recomended
blight,coc 2gpl
babycorn hybrids,advanta hybrids recomended
stem borer of sugarcane,drench the chloropyriphos methyl demetom 20 ml10 ltr water each in furrow
control measures against red spider mites,maintain field sanitationplant debris after pruning should be destroyeddifferent neem formulations containing azadirachtin depending upon strength of botanical viz1 20ml and 5 05 mll can be sprayedspray following chemical insecticides insecticide dose preharvest interval dicofol 185 ec 25 mll 100 days fenpyroximate 5ec 10mll 60 days difenthiuron 50ec 08 mll 45 days sulphur 80wp 200gl 15 days abamectin 19 ec 030mll 7 days azadirachtin1 200 mll 3 days
planting time of rose,jullyaugust
sowing season of watermelon,janfeb
contact details for training,2358238123522368 23272332236623442344 2346235523602379234223252352 2346238123522325235423812346 2309234323672325236623522368 234223812357236623522366 233223672354238123612366 231323422381235123792327 232523752306234223812352 23322350234423662327236723522368 235223792337 2343236923552375  424001 phno02562246292
reddning in cotton,spray 100gm magnesium sulphate 50gm urea in 10lit of water spray 2 dap at boll development stage
control for leaf curl,alternate spray of dicofol 25 mllit of water followed by wettable sulphur 025 to avoid resistance development two spray of systemic insecticide is essential for control of thrips and insect vector
attack of fruit borar,spray 25ml sypermetrin in 10lt of water
attack of thrips on cotton,spraying of emida croplid 5 ml in 10 lit of water
cultivation details,given all required information
cultivation details,
arhid on brinjal,spraying of emidacloprid
blight on onion,copper oxycloride25ml10lit of water
ask fertlizers dose of onion,fertlizers dose of onion 151515 135 kg urea 45 kg acre
varieties of tamato,arka alokpusa shitalrajshribhagshri etc
fertilizer dose for onion,apply 135kg suphala45kg ujjwala per acre
control against pod borer,spray nske 5 twice followed by triazophos 005 apply any one of insecticides at 25 kgha endosulfan 4d quinalphos 4d carbaryl 5d
leaf blight,spray the crop with mancozeb or zineb at 15 kgha
cultivation details,given all required information
sowing season of cucumber,octnovjanfeb
flower dropping,spray planofix 5ml10liter of water
blight of onion,spray copper oxychloride 25gm streptocycline 1 gm in 10 ltr water take second spraying after 15 days containing bavistin and streptocycline 25 gm and 1 gm respectively in 10 ltr water
ask micronutrent on watermelon,spraying of microla 25 ml in 20 ml humic acid in 10 lit of water
blight on onion,copper oxycloride25ml10lit of water
control measure for onion blight,spray copper oxychloride 25gm streptocycline 1 gm in 10 ltr water take second spraying after 15 days containing bavistin and streptocycline 25 gm and 1 gm respectively in 10 ltr water
when should be harwest watermelon,watermelon should be harwest 335month after sowing
ask with on maize,dranching of bavistin 25 gm in 10 lit of water
varieties of shimala mirch,apply arka mohinigouravvasantgreen gold
varieties of shimala mirch,
varieties of shimala mirch,
sowing time of gram,20 october  8 november
sowing time of gram,
sowing time of zaid season groundnut,15 january  15 february
market rate for cotton,max5291 min5000 avg5100rsqt
varieties of brinjal,krushnaruchiraarunapusa kranti
dissconected,dissconected
control measure for tur pod borer,spray quinolphosh 25ec20ml10litof water
reddning in cotton,spray 100gm magnesium sulphate 50gm urea in 10 lit of water
redning of cotten,apply mg sulphate
aphid on jawar,spraying of emidaclprid
attack of thrips on cotton,spraying of emida cropid 5 ml in 10 lit of water
weedicide for wheat,spraying of isoprotoron weedicide
infection of tambera in wheat,spraying of mancozeb 25 gm in 10 lit of water
control for leaf blight,spray the crop with mancozeb or zineb at 15 kgha
blight on onion,copper oxycloride25ml10lit of water
attack of fruit borar,spray 2ml sypermetrin in 10lt of water
yellowing of leaves,spray microlla 25ml10liter of water
infection of blight on onion,spraying of coc 25 gm in 10 lit of water
infection of blight on onion,spraying of coc 25 gm in 10 lit of water
redning of cotten,
market rate of cotton,average rate is rs 5600qtl
control measure for tur pod borer,spray quinolphosh 25ec20ml10litof water
varieties of bhindi,arka anamikaarka abhaypusa sawanipanjab7 etc
varities of groundnut,tag 24sb11m13tg26
market price of wheat,1375  1400 rs quintal
red leaf of cotton,spray 50gm urea100gm magnesium in 10lt of water
attack of thrips on chilli,spraying of rogar 15 ml in 10 lit of water
infection of brinjal,spraying of coc 25 gm in 10 lit of water
control measure for tur pod borer,spray quinolphosh 25ec20ml10litof water
red leaf of cotton,spraying of mgso4 100 gm urea 50 gm in 10 lit of water
late sowing time of wheat,upto 15 december irrigated
control measure for gram dumping of or wilt disease,use disease resistant varities dreching of bavisstin 10gm10litof water
weather inquiry,clearprecip chance 5
ask sowing season of summer watermelon,sowing season of summer watermelon janfeb
sowing season of gnut,in summer season gnut shold be sown during 15jan15feb
sowing season of soyabean,in summer season soyabean should sonw in month of janfeb
attack of jassids on chilli,spraying of emida croplid 5 ml in 10 lit of water
attack of thrips on cotton,spraying of rogar 15 ml in 10 lit of water
red leaf of cotton,spray mgso4 100gm50gm urea10litof water
control measure for wheat rust,spray mancozeb25gm10litof water
varieties of cow pea,varieties  pusa phalguni pusa do phasali pusa komal etc
dos of npk,apply 151515 65kg and ssp 65 kgacre
market rate of wheat,date variety apmc unit quantity hrate lrate average 131210  pune quintal 3978 2800 1400 2100   chopda quintal 10 1401 1225 1401   nagpur quintal 131 1700 1123 1411   mumbai quintal 9726 2200 1450 1825   shrirampur quintal 30 1631 1200 1475   deulgaon raja quintal 15 1500 1250 1360   mantha quintal 11 1550 1150 1350  bansi murum quintal 7 1000 1000 1000
infection of bhindi,spraying of coc 25 gm in 10 lit of water
asked about rice cultural practices,recommended information given as per data
asked about rice cultural practices,
asked about rice nursery managenmant,recommended information given as per data
asked about stem application in cotton,recommended to use emidachloprid and water in 120 ratio as per data
asked about cultural practices in black gram,recommended information given as per data
asked about cultural practices in banana,recommended information given as per data
asked about cultural practices in radish,recommended information given as per data
asked about weather report,information given from interenet
asked about availability of equipments,information given where its available
asked about weedicides in ground nut,recommended to spray emajithaphir as per data
rainfall data,12th decscattered clouds 13th decscattered clouds
rainfall data,rainfall data given
qwhich vegetable crop suitable this time,ans at this time you can sown bhindi crop
second dipping treatment for grape,40 ppm ga3 fer second dipping
aphids on onion,spraying of dimethoate 10 ml 10 ml sticker in 10 lit of water
market rate of papaya,market rate of papaya rs 700 quiav
thrips attack on onion,spray emidacloprid 10 ml in 10 lit water
fert dose in onion,apply ammonium sulphate 20 kg 45 kg urea per acre
planting time for papaya,planting can be at any season avoid during high rainfall
varieties of papaya,taiwan786 co1 c02 c06 etc
varieties of black grapes,thompson seedless
blight attack on onion,spray tilt 25 gm in 10 lit water
herbicide in wheat,spray isoprotoron 1 kg in 500 lit water
pod borer in tur,spray 3ml spinosad or 20ml quinolphos in 10 lit of water
farmer want the rahuri agriculture college contact no,i giving him the rahuri agriculture college contact no02426 243861
breeds of buffalo,murha surti mehsana jafrabadi
thrips in onion,spray dimetoate 10ml in 10 lit of water
varieties of okra,arka anamika
varieties of ginger,china vyanad g551 surbhi etc
weather report,scattered clouds for 2 days
pest attack on arhar,spray proclaim 10 ml in 10 lit water
flower drop problem in arhar,spray planofix 4 ml in 10 lit water
market rate of onion,rs 1000 per quintal average
2nd fertilizer dose for irrigated wheat,50 kg urea per acre
blight in potato,spray 20gm dithane m45 or coc in 10 lit of water
control measure for rust in wheat,spray propiconazole 10ml in 10 lit of water
2nd fertilizer dose for irrigated wheat,50kg urea per acre
market rate of maize,rs 760 per quintal
control measure of weed of wheat crop,
sowing time 4 late varieties of wheat,15dec
herbicide in onion,spray basalin goal 1 kg in 500 lit of water apray after 1 month of planting
pest attack on gram,spray endosulphan 20 ml 25 ml neem oil in 10 lit water
rust in wheat,spray tilt 10ml in 10lit of water
2nd fertilizer dose for onion,45kg urea per acre
fruit rot in chilli,spray dithane m45 or z78 25gm in 10 lit of water
powdery mildew in chilli,spray sulpher 25gm or karathane 10ml in 10 lit of water
control measure of mastasis disease,
pod borer attack on gram,spray clorpyriphos 20 ml in 10 lit water
pod borer attack on gram,spray clorpyriphos 20 ml in 10 lit water
fertliser dose of potato,apply 165 kg suphala 75 kg urea 35 kg mop acre
treatment for onion seedlings before planting,dip roots of seedlings in the solution of bavistine
any loan facilities for starting vermicompost project,subsidy is available through agriculture dept
any govt scheme for plantation of teakwood,not any special scheme from govt but refer to contact social forestation dept such schemes are conducted through this dept
how to control the pod borer in gram crop,for controlling the pod borer in gram crop spraying chloropoyriphos 20ml in 10 lit water
irrigation is beneficial at the time of flowering,yes irrigation is beneficial at the time of flowering
information about weather in sangali district,information about weather in sangali district are today partly cloudy weather with light rain
information about weather in sangali district,information about weather in sangali district are today partly cloudy weather with light rain
information about farm pond,i given detail information of about farm pond scheme suggest to contact agril officer
control measure for jowar rust,spray m45mancozeb25gm10litof water
market rate of onion,market rate of onion rs 1100 qui
contact no of central hatchery centre,contact no of central hatchery centre 020 25816974 pune
herbicide in wheat,spray 24d 115 kg in 10 lit water
any govt scheme for starting dairy farming,25 subsidy is available by govt
yellowing of wheat crop,apply 55 kg 151515 20 kg urea per acre spray 1919 150 gm 30 gm coc in 10 lit water
less growth of gram even after 45 days of sowing,65 kg sufla 60 kg super phosphate per acre spray humic acid 30 gm in 10 lit water
flower drop problem in mango,spray planofix 6 ml in 10 lit water
pod borer attack on gram,spray clorpyriphos 20 ml 25 ml neem ark in 10 llit water
low fat in milk of cow,allow grinded maize mineral mixture
market rate of onion,8002000 rsqtl
thrips in onion,spray dimethoate 10ml in 10 lit of water
ask about varieties of sugarcane,co8603294012
control measure of pod borer of tur,spray cypermethrin 4 ml in 10 liter of water
late sowing var of wheat,late sowing var of wheat akw1071hd2501hd2610 etc
blight on onion,spraing of m45 25 gm 10 ml sticker in 10 lit of water
address of soil testing lab,soil testing labharbhajansing buildingusmanpura eknath roadaurangabad
fert dose 4 mangeo 5 years old plant,5 kg compost 350 gm sufla 200 gm urea per plant
sucking pest attack on onion,spray emidacloprid 10 ml in 10 lit water
late sowing time for wheat,15dec
varieties of brinjal,krushna ruchira aruna pusa kranti pragati etc
herbicide in maize jowar and wheat,spray 24d 1 kg in 500 lit water spray after 3040 days of sowing
information about weather in aurangabad district,information about weather in aurangabad district are today partly cloudy weather with light rain
information about market rate of maize crop in ameamdnagar market,information about market rate of maize crop in ameamdnagar market are rs106800 per quintal
control measure of leaf rolar on tur crop,control measure of leaf rolar on tur crop are spray 20 ml chlorophyriphos in 10 liter of water
control measure of stem borer on jower,spray trizophos deltamethrin 25 ml in 10 liter of water
market rate soyabean,rs 23002400qt
market rate of tur,rs 5400 qt
control measure of weed of wheat,spray altrabutoclor 115 kg in 500 liter of water
irrigation onterval in wheat,21 day interval
buffalo,
fertiliser dose of pomogranate 3 yr tree,apply 15 kg compost 825 gm suphala and urea tree
market rate of onion,rs 1200 per quintal
pest attack on arhar,spray endosulphan 20 ml 30 ml neem oil in 10 lit water
sowing time for groundnut summer,15 jan 15 feb
infecton of blight on onion,spraying of coc 25 gm in 10 lit of water
pod borer in tur,spray spinosad 3ml 50ml neemoil in 10 lit of water at an interval of 10 days
quantity of dap to spray on gram,200gm dap in 10 lit of water at an interval of 812 days
pod borer in tur,spray quinolphos 20ml or spinosad 3ml 30ml neemoil in 10 lit of water
market rate of soyabean,rs 2340 per quintal
market rate of arhar,rs 4005 per quintal average
pest attack on gram,spray quinalphos 20 ml in 10 lit water
sowing time of onion,janfeb
attack of pest on tur,spray quinalphos 20 ml in 10 lit of water
buffalo is very ill,for controlling buffalo illness contact to vetarnary doctor
green pest on gram crop,for controlling green pest on gram crop spraying chloropoyriphos 20ml in 10 lit water
information about markrt rate of onion crop in osmanabad market,information about markrt rate of onion crop in osmanabad market are rs250000 pert quintal
pod borer on tur,spraying of endoxcarb 10 ml in 10 lit of water
contact no of emu farmer association,contact no of emu farmer association 020 30787100 mobno 9850090070
pod borer in tur,spray 20ml quinolphos in 10 lit of water
flower drop in tur,spray 3ml planofix in 10 lit of water
ask about market rate of soyabean,akola quintal 1446 2370 2340 2360
pod borer,spraying of imamectin benzoate 6 ml in 10 lit of water
apply sufla urea spray humic acid 30 gm,fert dose less growth of gramapply sufla urea spray humic acid 30 gm
pest attack on arhar,spray proclaim 10 ml in 10 ml in 10 lit water
yellowing leaf of tur crop,for controlling yellowing leaf of tur crop spraying humic acid 15gm25ml microlla in 10 lit water
herbicide in wheat,spray isoprotoron 1 kg in 500 lit water spray after 1 month of sowing
information a bout werather in buldana district,information a bout werather in buldana district are today partly cloudy weather with light rain
control measure of fungal attack on oinion crop,control measure of fungal attack on oinion crop are drainch 25 gm coc in 10 liter of water
pod borer on tur,spraying of endoxacarb 10 ml in 10 lit of water
blight attack on onion,spray mancozeb 30 gm 2 gm streptocycline in 10 lit water
yellowing of wheat crop,apply 50 kg urea per acre spray coc 30 gm biola 25 ml in 10 lit water
market rate of soyabean,market rate of soyabean rs 2360 qui av
preventing of shoot growth in orange,spraying of ccc500 ppm
disconnected,disconnected
pod borer on tur,spraying of endoxacarb 10 ml in 10 lit of water
market to purchase giriraja breeb od poultry,refer to contact nagpur vet college
market rate of cotton,rs 3100 per quintal
market rate of soyabean,rs 2329 per quintal
how to control flower dropping in gram crop,for controlling flower dropping in gram crop spraying planofix 4ml in 10 lit water
less flowring in arhar,spray boomflower spray micronutrients 30 ml in 10 lit water
pest attack on arhar,spray proclaim 10 ml in 10 lit water
information about weather in amtavati district,information about weather in amtavati district are today partly cloudy weather with light rain
sowing season for fodder jowar,march april
fertiliser dose of sugarcane,apply 215115115 kg npk ha
how to control pod borer in tur crop,for controlling pod borer in tur crop spraying chloropoyriphos 20ml in 10ml in 10 lit water
weather report for yavatmal distt,cloudy weather and 20 chances of rain
basal dose,apply dap 100kgmop 30kg per acre
control measure of wilt on gram,dreancing bavistin 25 gm in 10 liter of water
control measure of rust on wheat,spray redomil25 gm in 10 liter of water
pod borer on arhar,spraying of endoxacrb 10 ml in 10 lit of water
rhizome fly in turmeric,drench 20ml quinolphos 20gm coc 50ml neemoil in 10 lit of water at an interval of 10 days
pod borer on tur,spraying of endoxacarb 10 ml in 10 lit of water
control measure of pod borer on tur,spray quinolphos 20 ml in 10 liter of water
control measure of drop flower of tur,spray planofix 4 ml in 10 liter of water
biological pest control in gram,spray biveria baciana 40 gm in 10 lit water
control measure of leaf eating catterpiller on tur,spray cypermethrin 4 ml in 10 liter of water
information about weather in washim district,information about weather in washim district are today partly cloudy weather with little showers
control measure of churda murda on chilli,spray imidacropid 4 ml in 10 liter of water
varieties pof onion,n241 phule suvarna
asking about climate soil requirement for cultivation of cauliflower,it requires a cool and moist growing season temp 10 oc  25 oc ph 55  66 cauliflower can be grown on wide range of welldrained soilshowever sandy loam clay loam is best for cultivation of cauliflower
pl tell me varities of cumin crop,rz19 rz209
black gram season and variety,black gram season feb  mar and variety adt 5
leaf folder control measure in paddy,spray monocrotophos 2ml neem oil 3ml lit of water
inquiering date to distributed the new land use policy nlup of the mizoram state goverment,inform to inquiering to the agriculture department
asked whether he can spray fertilizer and a pesticide together,adviced him not to apply together
asked about the control of stem borer in rice,recommended to spray carbofuron 3g granules 10kgacre
asked about control for mosaic,remove rogging the plants
asked about the fertiliser recommendation in paddy,recommended 482420
asked about control for thrips damage,recommended to spray acephate 15grlitre
asked about the varities in paddy,recommended to choose rdr355 wgl32100
asked about the control of sucking pest in red gram,recommended to spray rogor15grlit
asked about control for thrips damage,recommended to spray acephate 15grlitre
asked about control for jassids,recommended to spray dimethoate 2mllt
asked about control for brown spot,recommended to spray mancozeb mixed with 3urea
asked about control for aphids damage,recommended to spray rogor 2mllitre
asked about the control of rice blast,recommended to spray tricyclozole 06 gmltr
asked about the control of sucking pest in bengal gram,recommended to spray acephate15gramsliter
asked about the control of thrips in chillies,recommended to spray acephate15gramsliter
asked about the control of glh in sunflower,recommended to spray thiodicarb 15mllt
asked about control for mg deficiency,recommended to spray mgso4 2grlitre
asked about information on rabbits,esc to ah
asked about control for dieback fruitrot,recommended to spray spray mancozeb 3gmlt
asked about the control of tobacco caterpillar,recommended to spray quinolphas 2 mlltr
asked about the control of blast in paddy,recommended to spray trycyclozole06gramsliter
asked bout the control of weeds,recommended tospray benthiocarp 15ltracre
asked about control of stem borer in paddy,recommended to spray cloriphiriphos 2ml1l water
asked about control for sucking pests,recommended to spray rogor 2mllitre
asked about control of termites,recommended to spray lindane powder
asked about control of rhinocerus beetle,recommended to spray carbarilsand 25gm1hole
asked about control of rhinocerus beetle,recommended to spray carbarilsand 25gm1hole
asked about control for stem borer damage,recommended to spray chlorpyripos 25mllitre
asked about control for stem borer damage,recommended to spray chlorpyripos 25mllitre
asked about sowing of oil palm season,recommended to sow in rainy season
asked about sowing of oil palm season,recommended to sow in rainy season
asked about varieties of beera,recommanded varity surekass401
leaf spots in ridge gourd,mancozeb 2gmlt of water
asked about control for bph,recommended to spray acephate 15grlitre
asked about seed treatment in rice,recommnded to treat the seeds with mancozeb 4gmkg seed
asked about the process of raising dairyfarm,esc to ah
asked about control of weeds in paddy,recommended to spray benthiocarb 125lt acre
asked about weed control in paddy,recommended to spray benthiocarb 15ml
asked about fertilizer application,recommended to apply 200kgs n 200kgs p 400kgs k per acre plants
asked about control for weeds,recommended to spray butaclore 152 litacre
asked about control for weeds,recommended to spray butachlore 15lit 200lit wateracre
asked about the weedicide after 25 days of crop stand,esc to atic
asked about control for gallmidge damage,recommended to spray carbofuron granules 10kgs per acre
asked about the control of weeds,recommended to spray alachlor 15 litacre
control for zinc defficie,recommended to spray zincsulphate 2gmlit
asked about fertilizer application,recommended to spray 32kgs n 24kgs p 16kgs k
asked about control for weeds,recommended to spray bentiocorp 15litacre
asked about the control of blast,recommended to spray tricyclozole 06glit of water
asked about the control of hispa,recomended for the application of monocrotophos16mllit
asked about the control of sowing season,suggested to sow in october
aske about fertliser dosage,informed to that dosage is 32kg n24kg p1620kg k
asked about the control of blast,recommended to spray tricyclozole 05glit of water
asked about the information on biofertilisers,given the required information to the farmer on biofertilisers
asked about the control of leafblotch,recomended for the application of carbandezim 1glit
asked about the control of weeds,recomended to spray pendimethalyn 1316litacre
asked about the control of sucking pest,recomended to spray dimethoate 2mllit
asked about the control of green leaf hopper in rice,recommended to spray ethopenphos15mllit
asked about the control of stem borer in rice,recommended to spray monocrotophos 16mllit
asked about the control of dieback and fruit rot,recommended to spray captan 15 grlit
asked about the control of glh,recommended to spray ethofenphos 15mllit
asked about the control of tungro virus,recommended to spray ethofenphos 15 mllit
asked about the control of green leaf hopper,recomended to spray monocrotophos 2mllit
asked about the control of sheathblight,recommended to spray hexaconozole 2 mllit
asked about the control of bph,recommended to spray bpmc 2 mllit
asked about the control of mites,recommended to spray dicofal 3mllit
asked about the control of mites,recommended to spray dicofal 3mllit
asked about the control of mites,recommended to spray dicofal 3mllit
asked about the control of suckingpest,recommended to spray borax 3gmlit
asked about the growing season and crop period of 1010 paddy variety,recommended to raise in rabi
asked about the control of suckingpest,recommended to spray borax 3gmlit
asked about the growing season and crop period of 1010 paddy variety,recommended to raise in rabi
asked about the control of sheathblight,recommended to spray validacin 2 mllit or hexaconozole 2 mllit
gonapapetanarsannapeta m,
asked about the soil type for sowing groundnut,recommended soil types are sandyred soils
asked about cm pashukranthi pathakamu,informmed to as per the provided data
asked about cm pashukranthi patakamu,informmed to as per the provided data
asked about the weather report,informed as per the provided data
asked about the control of sheath blight,recommended to spray validacin 2 mllit
asked about the weather report,informed as per the provided data
asked about the control of sheath blight,recommended to spray validacin 2 mllit
asked about the phone number of jd animal husbandry,provided him with the contact no
asked about the phone number of jd animal husbandry,provided him with the contact no
asked about the control of thrips,
asked about the control of thrips,
asked about the control of thrips,recommended to spray fasalon 3 mllit or monocrotophos 15 mllit
asked about the control of thrips,
asked about the control of thrips,
asked about the control of thrips,
asked about the control of thrips,
asked about the control of thrips,
asked about the control of thrips,
asked about the control of thrips,
asked about the control of sheathblight,recommended to spray validacin 2 mllit or hexaconozole 2 mllit
asked about the control of thrips,recommended to spray fasalon 3 mllit or monocrotophos 15 mllit
asked about the varieties,recommended varieties are igfri3808tndn1
asked about the control of midze fly in chilli,recommended to spray quinolphos 2mllit
asked about the varities,recommended varity ofgreen gold
asked about the control of cuscuta,recommended to spray persuit 200mlltr
asked about the control of mango hoppers,recommended to spray phasphomidon 05mllt
asked about the control of stem borer in maize,recommended to spray monocrotophos2mllit
asked about the control of fruit and shoot borer in brinjal,recommended to spray profinophos2mllit
asked about the control of fruit drop,recommended to apply potash and blitox 3gmltr
asked about control for flower dropping,recommended to spray planophix 1ml5lt
asked about the control of sheathblight in paddy,recommended to spray hexaconazole2mllit
asked about the control of bph in rice,recommended to spray acephate 15gmlt
asked about the control of leaf webber in mango,recommended to spray quinolphos 2mllt
asked about control for leaf folder,recommended to apply quinalphos 2mllt
asked about sowing season,recommended to give 2025cms in between the plants
asked about the control of stem borer in maize,recommended carbofuran granules3kgsacre
asked about control for thrips,recommended to spray imedachloprid 2mllt
asked about the control of smut in sugar cane,recommended to spray propiconazole05mlliter
asked about the control rot rot in ground nut,recommended to spray mancozed3gramsliter
asked about control for sucking pests,recommended to spray rogor 2mllitre
asked about control for sucking pests,recommended to spray rogor 2mllitre
asked about the control of blast in paddy,recommended to spray trycyclozole06gramsliter
asked about the control of stone weevil,recommended to spray monocrotophas 16mlltr
asked about the control of fruit borer in mango,escalation to level to 2
asked about control of turcicum leaf blight,recommended to spraymancozeb 2gmlt
asked about control for rats,recommended to make the mixer of bromadiolone oil paddy mixture and put it into the hole
asked about control for powdery mildew damage,recommended to spray wettable sulpher 3grlitre
asked about the control of root rot in ground nut,recommended to spray mancozed600gramsacre
asked about the control of sheath blight,recommended to spray hexaconozole 2mlltr
asked about the control of stem borer,recommended to spray cartaphydrochloride 2 gmltr
asked about the control of blast in paddy,recommended to spreay trycyclozole06gramsliter
aske about the control of fruit drop in mango,recommended to spray planofix1mlliter
asked about bhendi varieties,recommended varieties are arkaanamika arkaabaya
asked about the control of early blight,recommended to spray mancozeb 3gmltr
asked about varieties for kharif season,recommended to choose yalamanchili 11 or 17
asked about information on sets treatment,recommended to malathion 2ml1l water soak the sets in solution for 15 min
asked about control of sheath blight,recommended to spray hexaconazole 2ml1l water
asked about control for shaeth blight,recommended to spray contoff 2mllitre
asked about control of sheath blight,recommended to spray hexaconazole 2ml1l water
asked about mite damage in coconut,recommended to spray dicofal 5mllt
asked about the control of sheath blight in paddy,recommended to spray hexaconazole2mlliter
asked about the control of blast in paddy,recommended to spray trycyclozole06gramsliter
asked about the control of sheath blight in paddy,recommended to spray hexaconazole2mlliter
asked about varieties,recommended to choose hima or chandana
asked about the control of bph in paddy,recommended to spray hexacvonazole2mlliter
asked about the control of bph in paddy,recommended to spray hexacvonazole2mlliter
asked about control of termites in mango,recommended to apply lindane powder
asked about control of termites in mango,recommended to apply lindane powder
asked about control for rats damage,recommended to apply bromadioline oil mixture
asked about control for rats damage,recommended to apply bromadioline oil mixture
asked about control of sheath rot in rice,recommended to spray benomyl 2mllt
asked about control of sheath rot in rice,recommended to spray benomyl 2mllt
asked about control of fruit damage in jowar,recommended to spray endosulfan 2mllt
asked about the control of blast in paddy,recommended to spray trycyclozole06gramsliter
asked about varities in sesamum,recommended varities are yelamanchili rajeswari
asked about varieties which are resistant for rice blast in kharif season,recommended to choose mtu 1001 or 1010 or 3626
asked about varieties which are resistant for rice blast in kharif season,recommended to choose mtu 1001 or 1010 or 3626
asked about varieties,recommended to choose rajeshwari or swethathil
asked about varieties,recommended to choose rajeshwari or swethathil
asked about the control of sheath blight,recommended to spray hexaconozole 2mlltr
asked about the control of sheath blight,recommended to spray hexaconozole 2mlltr
asked about varities of sesamum,recommended to swethathilrajeshwari varities
asked about varities of sesamum,recommended to swethathilrajeshwari varities
asked about the control of stem borer,recommended for the application of cartaphydrochloride 2gmltr
asked about control for pink bollworm,recommended to apply endosulfon 2mllitre
asked about the control of stem borer,recommended to spray cartaphydrochloride 2 gmltr
asked about the control of bph,recommended for the application of acephate 15 gmltr
asked about control for storage pests,recommended to apply aluminium phospide tablets
asked about control for storage pests,recommended to apply aluminium phospide tablets
asked about fruit fall in mango,recommanded to spray polyfide3gm 15ml monocrotphos in liter water
asked about bird rearing,given no 04024015323
easily pull out of sugarcane,recommanded to spray endosulphon2mllit water
asked about control for fruit borer damage,recommended to spray quinolphos 2mllitre
asked about control of stem borer in jowar,recommended to spray carbofuran 4g granules
asked about the rice varieties,recommended varieties are mtu1001apoorvaprabath
asked about control of rice stem borer,recommended to spray cartaphydrochloride 25gmlt
asked about the early sowing,esc to atic
asked about cotrol of mites,recommended to spray dicofol 2gmltwater
asked about the weedicide,recommended to spray pendimithalin 15 ltracre
asked about agriculture implements,provided him with requiqed infirmation
asked about the weedicide,recommendedweedicide is benthiocarp 15 ltracre
asked about the control of rustanthracnose,recommended to spray copperoxi chloride3glit of water
askecx about the sowing season,informed that it is june to july
asked about the varieties,recommended varieties are pkm1jafna
asked about seed treatment of turmeric,recommended to treat the seeds with mancozeb 3gmkg seed in 1 lt
asked about fertilizer dosage in oilpalm in third year,recommended to apply n2610 ssp3750 mop2000 magnesium sulphate500 gmsplant
asked about the weed control,recommended to spray atratap800gacre to be mixed in 240 lit of water
asked about control for weeds,recommended to spray 100ml glyphosate with 100gr ammonium sulphate with 10 litres of water
asked about control for sucking pests damaage,recommended to spray rogor 2mllitre
asked about control for weeds,recommended tospray paraquat 40ml10lit water
asked about varieties,recommended to choose icpl85063 or palnadu or lrg38
asked about remedy for zinc defficiency,recommended to spray znso4 2glit of water
asked about control for weeds,recommended to spray allachlore 1litreacre
asked about the control of fruit borer,recommended to spray prophenophos 2mllit of water
asked about information on drum seed technique,esc to atic
asked about weather data,answer given as per data
asked about the control of stem borer damage,recommended to spray cartap hydro chloride 2 gmltr
asked about the control of zinc defeciency,recommended for the application of zinc sulphate 2 gmltr
asked about control for leaffolder damage,recommended to spray chlorpyripos 25mllitre
asked about control for powdery mildew,recommended to spray dinocap 1mllit
asked about control of weeds in paddy,recommended to spray butachlore 15lt200lt water
asked about information on biofertilizer,esc to atic
asked about the control of zinc defeciency,recommended for the applicaton of zinc slphate 2 gmltr
asked about the fertilizer dosage,recommended dosage is 32 kgn 24 kgp 20kgk
asked about fertiliser dosage,recommended for the application 14kg n 44kg p14kg k
asked about the control of sheath blight,recommended to spray propiconozole 2mllit of water
asked about the control of stem borer,recommended to spray chloripyriphos 25mllit of water
asked about the control of hopper,recommended to spray carboryl 3glit of water
askeda about the control of fruit borer,recommended to spray prophenophos 2mllit of water
saked about the control of rust disease,recommended to spray mancoze4b 25glit of water
saked about the control of rust disease,recommended to spray mancoze4b 25glit of water
asked about the control of blast in paddy,recomended to spray tricyclazole 06grlit or adefenphos 1mllit
asked about the conreol of stem borer,recommended to spray chloripyriphos 25mllit of water
asked about the control of gundhibug,recomended for the application of monocrotophos 16mllit
asked about the control of greenleaf hopper,recomended for the application of monocrotophos 22 mllit
asked about the control of sheatrot,recomended for the application of benomyl 05glit
asked about the fertilizer dosage for rice nursery,recommended to apply 2kg n1kg p1kg k5 cents area
asked about the control of bph,recommended to apply carbofuran 3g 10kgacre
asked about control of sheath rot,recommended for the application of benomil 05gmlit
asked about the control of sheath rot,recommended to spray benomyl 05 grlit 2 times in 7 days interval
asked about the control of bph,recommended to spray ethofenphos 15 mllit
asked about the control of thrips,recommended to spray carbaryl 600gacre
asked about the sowing season,informed to sow during novemberjunuary
asked about the varieties,recommended varieties are mordendrsf108drsh1
asked about the sowing season,informed to sow during novemberjunuary
asked about the varieties,recommended varieties are mordendrsf108drsh1
asked about the control of weeds,recommended for the application of pendimithalin 15 ltracre
asked about the control of weeds,recommended for the application of pendimithalin 15 ltracre
asked about hybrid napiar grass varities and sowing season,informmed to that varities are apbs1igfri3co3igri10 and sowing seasonis from janavary to feb
asked about the control of flower drop,recommended for the appliation of naa and dap
asked about the varieties,recommended varieties are nlr33359rdr355nlr33057
asked about the varieties,recommended varieties are nlr33359rdr355nlr33057
asked about the control of fruit borer,recommended to spray profenophos 2 mllit
asked about the control of white fly,recommended to spray acephate 15glit of water
asked about the varieties,recommended varieties are 90a17690r597a85
asked about the varieties,recommended varieties are 90a17690r597a85
asked about the control for flower drop,recommended to spray planofyx 25ml10lit of water
asked about the control of fruit borer,recommended to spray profenophos 2 mllit
asked about the control of white fly,recommended to spray acephate 15glit of water
asked about the control for flower drop,recommended to spray planofyx 25ml10lit of water
asked about the control of weeds,recommended to spray atrazin 50 15kgacre to be mixed in 200 lit of water
asked about the control of early blight,recommended to spray mancozeb 3 grlit
asked about the control of early blight,recommended to spray mancozeb 3 grlit
asked about the control of flower drop,recommended to spray planofix 25ml10lit
asked about the control of flower drop,recommended to spray planofix 25ml10lit
asked about the weather report,informed him as per the reports provided
asked about the control of sheath rot,recommended to spray benomil 1 gr2lit
asked about the weather report of parvatipuram,informed as per the provided information
asked about the control of sheath rot,recommended to spray benomil 1 gr2lit
asked about the control of fruit borer,recommended to spray prophenophos 2mllit of water
asked about control of leafspot,recommended to spray mancozeb 3gmlit
asked about the control of blast,recommended to spray tricyclozole 05glit of water
asked about the sowing season,recommended to sow during januaryfebruary
asked about weather report,informmed as per provided data
asked about the control of weeds,recommended to spray butachlor 20lit200lit
asked about the control of midge fly,recommended to spray chloripyriphos 2mllit
asked about the control of early blight,recommended to sprayn copper oxy chloride 3gmltr
asked about the contrl of weeds,recomme4nded to psray paraquat 40ml10ltr
asked about the control of friuit dropin mango,recommendedto spray 1gr 24din 100ltr of water
asked about the control of suking pest in mango,recommended to spray phospomidon05mllit
asked about the control of fruit and shoot borer in brinjal,recommended to spray prophenophos 2mllt
asked about the control of bacterial wilt in brinjal,recommended to cypermethrin05mllit
asked about control for chilli thrips,recommeneded to spray acephate 15grlitre
asked about control for sucking pests,recommended to spray rogor 2mllitre
askec about the control of powdery mildew in cucurbits,recommended to spray metalaxyl mz2gramslitre
asked about the control of blast in rice,recommended to spray trycyclozole06grmsliter
asked about control for scales,recommended to spray rogor 2mllitre
asked about information for turkey birds,esc to 23311720
asked about control for rice blast,recommended to spray tricyclozole 120gr200 litres
asked about the control of sheath blight in paddy,recommended to spray hexaconazole2mlliter
asked about market price in maize,recommended market price 860rs
asked about market price in maize,recommended market price 860rs
asked about the control of weeds in sugar cane crop,recommended to spray metrobizin600grams45liters
asked about the control of blast in paddy,recommended to spray trycyclozole06gramsliter
asked about control of weeds in sugar cane crop,recommended to atrazin 2kgacre
asked about control of stem borer in paddy,recommended to spray clorophiriphos 2ml1l water
asked about varieties,recommended to choose dhm varieties like 109 or 107
asked about the fertilizer dosage,recommended for the application of 200gm n200gm k per plant in equal parts at3570120180 das
asked about the fertilizer dosage,recommended for the application of 200gm n200gm k per plant in equal parts at3570120180 das
asked about the control of blast in paddy,recommended to spray trycyclozole06gramsliter
asked about the control of blast in paddy,recommended to spray trycyclozole06gramsliter
asked about control of wilting of citrus plants,recommended to spray coc 3gm1l water
asked about seed treatment,recommended to apply carbendazim 25grkg seed
asked about the varieties,recommended varieties are co6907co t820185a26181a9981v4884a125
asked about flowering in papaya,recommended to spray planofix 25gm10lt
asked about the farm implements,gave him the information regarding farm implements
asked about information on rabbit farm,esc to ah
asked about the seedrate,recommended seedrate is 23 kgacre
asked about control for flower drop,recommended to spray planophix 25ml10 litres
asked about the rabbit rearing,esc to ah
asked about the sri cultivation,given the data as per provided
asked about control for sucking pests control,recommended to spray rogor 2mllitre
asked about rice varitie,recommended varitie is bpt5204
asked about control of rice stem borer in paddy,recommended to spray cqartaphydroch loride 8kgacre
asked about market information of sesamum,given as per data
asked about the information about the practice of sri vari sagu,provided him with the required information
asked about control for iron defficiency,recommended to spray annabedi 20gmlit water
asked about the varieties,recommended varieties are beneshantotapurimanjeeraneeleshan
asked about granules dosage in paddy,recommended to apply carofuran granules
asked about rabbit infprmation,esc animal husbandary
asked about control for leaffolder,recommended to spray cloropyripos 2mllit
asked about the control of stem borer,recommended for the application of cartaphydrochloride 2 gmltr
asked about the control of stem borer,recommended to spray acephate 15glit of water
asked about control of rice leaf folder,recommended to spray acephate 15gmlt
asked about control of sheath blight in paddy,recommended to spray hexaconazole 2mllt
asked about the fertilizer dosages,recomende for application as recording to the dosages given
asked about the cost of bajra narsaraopetvar,informed about the cost as max1000 rsquintal
asked about the cost of bajra narsaraopetvar,informed about the cost as max1000 rsquintal
asked about the control of iron defeciency,recommended for the application of 30 gm annabedhi 2gm lime saly per litre water
asked about the control of bph,recommended for the application of acephate 15 gmltr
asked about control of bph in rice,recommended to spray monocrotophos 22mllit
asked about the sowing time,informed to sow during october
asked about the control of termites,recommended to spray lindane 3 mllit
asked about the varities,suggested varities are lutinred tremphcardinal
asked about the weather report of parvatipuram,informed as per the provided information
asked about the control of flower drop,recommended to spray 24d 1gm100lit
asked about the control of blast,recommended to spray tricyclozole 05glit of water
asked about the control of blast,recommended to spray tricyclozole 05glit of water
asked about the varities that are suitable for rabi,suggested to go for ir64swathisomasheelapothana
asked about the varities that are suitable for rabi,suggested to go for ir64swathisomasheelapothana
asked about control of climbing cutworm,recommended for the application of endosulphon 2omldichlorvas 1mllit
asked about control of climbing cutworm,recommended for the application of endosulphon 2omldichlorvas 1mllit
asked about the weather,informed him as per the reports provided
asked about the control of sucking pest,recommended to spray dimethoate 2mllit
asked about the varieties,recommended varieties are vemanatmv2tirupathi14
asked about the control of cercospora leafspot,recommended to spray copperoxychloride 3gmlit
asked about the fertilizzer application,recommended to applay 90gm urea260gm single super phosphate140gm m o p every two months
asked about the control of rice blast,recommended to soray tricyclozole 06gmltr
asked about the control of zinc defeciency,recommended to apply zincsulphate 20kgacre
asked about the fertiliser recommdndation in paddy,recommended 482416
asked about the seed varieties of papaya,recommended red lady variety papaya
asked about control for stemborer,recommended to spray chloriphyriphos 2mllt
asked about recommendations of storage for span,recommended to store the span at 510 centigrade for one month
asked about the control of blast in rice,recommended to spray tricyclozole 006gmlt
asked about the control of sheath blight in paddy,recommended to spray hexaconazole2mllit
asked about the control of rice blast,recommended to spray trycycloze066gracre
asked about control for weeds,recommended to spray pendimethylin 15ltacre
asked about the control of broad leaf weeds in paddy,recommended to spray 24dethyl ester4grnules 4kgsacre
asked about the control of gallmidge,recommended to spray carbofuran 10 kgacre
asked about control for stem borer,recommended to apply cartaphydrochloride 4g granules 8kgacre
asked about the control of sheath blight in paddy,recommended to spray hexaconazole2mllit
asked about the control of blast in rice,recommended to spray tricyclozole 006gmlt
asked about the contropl of flower drop,recommended to provide nutrients and to spray planophix 1ml5ltr
asked abouyt the dosage of urea for third application,recommended to apply 20kg ureaacre
asked about control for leaf spots,recommended to spray bavistin 1grlitre
asked about the control of stem borer,recommended to spray monocrotophos2mllit
askede about the control of rice blast,recommended to spray tricyclozole 06gmltr
asked about control for mg deficiency,recommended to spray magnishiyam sulphate 10gmlt
asked about control forstem borer,recommended to spray cartaphydrochloride 4g 8kgacre
asked about the control of leaf webber in mango,recommended to spray quinolphos 2mllt
asked about control for gallmidge,recommended to apply phorate 10g 5kgacre
asked about remedy for the leaf drop,recommended to cut the leaves there is no other remedy
asked about control for broad leaved plants with monocot weeds in rice field,recommended to spray 4kgs butachlor mixed with 4kgs 24d and ethyl ester 4
asked about the control of tikka leaf spot in ground nut,recommended to spray chlorothalanil 2mllt
asked about control for stem borer damage,recommended to spray cortop hydrochloride 2grlitre
asked about control for gallmidge,recommended to apply phorate10g 5kgacre
asked about the control of stem borer,recommended to spray cartaphydrochloride 2gmltr
asked about control for weed,recommended to spray butachlore 16ltacre
asked about control for weed,recommended to spray benthiocarp 2ltacre
asked about the control of blast in paddy,recommended to spray trycyclozole6gramslit
asked about the fertilizer application,recommended fertilizers are 48kgn 24kgp 16kgk
asked about control for rice blast,recommended to spray tricyclozole 120gr200 litres
asked about control for weed,recommended to apply butachlore 152ltacre
asked about the control of sheath blight in paddy,recommended to spray hexaconazole2mllit
asked about the control of little leaf brinjal,recommended to spray methyl dematon 2mllt
asked about control for stem borer damage,recommended to apply cortop hydrochloride granules 8kgsacre
asked about market information,given information is 20002500
asked about control for weeds,recommended to spray paraquat 40ml10lt
asked about the control of blast in rice,recommended to spray tricyclozole 06gmlt
asked about the control of blast in paddy,recommended to spray trycycloze06gramslit
asked about the control of blast in paddy,recommended to spray trycyclozole06gramslit
asked that will there be any problem if there is growth of azolla in paddy field,informed that it is useful to the field and there is no problem with that
askedabout control for termites,recommended to spray chloryphyriphos 2mllt
asked about potassium deficiency,recommended to spray potassium sulphate 2gmlt
asked about the control of sheath rot,recommended to spray carbendazim 1gmltr
asked about application of neem oil,recommended to spray 5mllitre
asked about the control of helicoverpa in beans,recommended to spray quinolphos 2mllt
asked about the control of thrips in chillies,recommended to spray acephate15gramsliter
asked about the control of yellow stem borer,recommended to spray cartap hydro chloride25grmsliter
asked about control for sheath blight,recommended to spray hexaconazole 2mllt
asked about control for rice blast,recommended to spray tricyclozole 120gr200 litres acre
asked about control for leaf folder damage,recommended to spray chlorpyripos 25mllitre
asked about the control of bph,recommended to spray acephate 15 gmltr
asked about the control of blast in paddy,recommended to spray trycyclozole06gramsliter
asked about control for weeds,recommended to spray pendimethaline 1316 litresacre
asked about control for sheath rot,recommended to spray benomil 05gmlt
asked about the control of bph in paddy,recommended to spray acephate 15grams liter
asked about control for weeds in between the coconut plants,recommended to spray stomp 1316 liters acre
asked about information on mushrooms,esc to mushrooms
asked about the control of stem borer,recommended to spray cartaphydrochloride 2gmltr
asked about the seed treatement,recommended to do seed treatement with rhizobium
asked about the control of sucking pest in ridge gourd,recommended to sprau acephate15gramsliter
asked about control for dieback fruit rot,recommended to apply capton 3gmlt
asked about the control of stem borer in rice,recommended to spray carbofuron 3g granules 10kgacre
asked about control for flower drop,recommended to spray planophix 1ml5litres
asked about control for sheath blight,recommended to spray hexaconazole 2mllt
asked about control for white fly,recommended to spray acephate 15gmlt
asked about the control of thrips,recdommended for the application of monocrotophas 15mlltr
asked about the control of blast in paddy,recommended to spray trycyclozole 06gramsliter
asked about information for animal husbandry research station phone no,given phone no is 08818284444
asked about the control of rice blast,recommended to spray tricyclozole 06 gmltr
asked about the control of sheath blight,recommended to spray hexaconozole 2 mlltr
asked about the control of termites in neem,recommended for the application of folidal
asked about control of bph in rice,recommended to apply etophenphos 15mllt
asked about the control of stem borer,recommended for the applicationof cartap hydrochloride 2 gmltr
asked about control for rice blast,recommended to spray beam 120gr 200 litres acre
asked about control for leaf folder,recommended to spray chlorpyripos 25mllitre
asked about the control of blast in paddy,recommended to spray trycyclozole06gramsliter
asked about the control of termites,recommended to spray chloripyriphas 5mlltr
asked about the sowing season,recommended that it is from january to february
asked about the control of blast in paddy,recommended to spray trycyclozole06gramsliter
asked about the control of blast in paddy,recommended to spray trycyclozole06gramsliter
asked about control for sooty mold damage,recommended to spray mono 16mllitre
asked about the control of yellow stem borer,recommended to spray endosulphan2mlliter
asked about the control of rice blast,recommended for the application of tricyclozole 06 gmltr
asked about the control of root rot in chillies,recommended to spray hexaconazole2mlliter
asked about control of thrips damage in chilli,recommended to spray rogar 2ml1l water
asked about the control of stem borer,recommended to spray cartaphydrochloride 2 gmltr
asked about the control of shoot and fruit borer,recommended to spray monocrotophgos2mlliter
asked about the control of shoot and fruit borer,recommended to spray monocrotophgos2mlliter
asked about how rippening the fruits,recommended to etherel 1ml1l water spray on bananas
asked about the control of flower drop,recommended for the application of napthalene acetic acid
asked about the control of thrips,recommended for the application of acephate 15 gmltr
asked about recommended varities to sorghum,recommended varities are nandyalatellajonna123
asked about the control of sheath blight,recommended to spray hexaconozole 2mlltr
asked about information on tissue culture in banana,given phone no 08813 231507
asked about the control of blast in paddy,recommended to spray trycyclozole06gramsliter
asked about the control of bph in paddy,recommended to spray acephate15gramsliter
asked about the control of sheath blight in paddy,recommended to spray hexaconazole2mlliter
asked about the control of bph,recommended for the application of acephate 15 gmltr
asked about control for plant hoppers damage,recommended to spray ithophenphos 15mllitre
asked about control for plant hoppers damage,recommended to spray ithophenphos 15mllitre
asked about control of sheath rot in rice,recommended to spray benomyl 05mllt
asked about control of sheath rot in rice,recommended to spray benomyl 05mllt
asked about control for plant hoppers damage,recommended to spray apploud 33ml100 litres
asked about control of stem borer in paddy,recommended to spray clorophiriphos 2ml1l water
asked about the control of bph,recommended to spray acephate 15 gmltr
asked about market information,given information is rs29003800 quin
asked about market information,given information is rs29003800 quin
asked about control of stem borer in paddy,recommended to spray clorophiriphos 2ml1l water
asked about control of stem borer in paddy,recommended to spray clorophiriphos 2ml1l water
asked about control for stem borer damage,recommended to spray chlorpyripos 25mllitre
asked about control for stem borer damage,recommended to spray chlorpyripos 25mllitre
asked about control of rice blast,recommended to spray tricyclozole 06gmlt
asked about control of rice blast,recommended to spray tricyclozole 06gmlt
asked about control of chilli thrips,recommended to spray carbaril 3gm1l water
asked about varieties,recommended to choose dhm 107 or 109
asked about control for bph,recommended to spray acephate 15grlitre
asked about control of flower dropping in papaya,recommended to spray planophix 25ml10 l water
asked about the control of sucking pest,recommended for the application of dichlorovas 1 mlltr
asked about the varieties,recommended varieties are lgg407410460 wgg37
asked about the control of blast in paddy,recommended to spray trycyclozole06gramsliter
asked about the control of blast in paddy,recommended to spray trycylozole06gramsliter
asked about the control of blast in paddy,recommended to spray trycylozole06gramsliter
asked about seed treatment in papaya,recommended to spray thiram 3gmkg seed
asked about seed treatment in papaya,recommended to spray thiram 3gmkg seed
asked about the control of blast in paddy,recommended to spray trycyclozole06gramsliter
asked about the control of blast in paddy,recommended to spray trycyclozole06gramsliter
asked about the control of blast in paddy,recommendedv to spray trycyclozole06gramsliter
asked about the control of blast in paddy,recommendedv to spray trycyclozole06gramsliter
asked about control for rice blast,recommended to spray beam 120gr200 litres
asked about control for rice blast,recommended to spray beam 120gr200 litres
asked about information on grasses,given phone no 040 24001706
asked about information on grasses,given phone no 040 24001706
asked about the weather report,informed as per the provided reports
asked about the weather report,informed as per the provided reports
asked about the maize market rates,informed that it is rs 74oquintal
asked about the maize market rates,informed that it is rs 74oquintal
asked about control for weed control,recommended to spray pendimethaline 1316 litresacre
asked about control for weed control,recommended to spray pendimethaline 1316 litresacre
asked about market price of maize,given market information 850rsquitol
asked about market price of maize,given market information 850rsquitol
asked about the weather report,informed as per the reports provided
asked about the weather report,informed as per the reports provided
asked about control for rottening,recommended to supply the water with bleaching powder 25grlitre
asked about control for rottening,recommended to supply the water with bleaching powder 25grlitre
asked about the control of leaf webber and skeletenizer,recommended for the application of quinolphas 2mlltr
asked about the control of leaf webber and skeletenizer,recommended for the application of quinolphas 2mlltr
insect damage in coconut,root feeding technique10ml monocrotophos10ml water apply to root with slant cut
attack of bph patch burning of field,recommanded to spray acphate2mllit water
asked about variety of greengram,recommanded varity lgg407410
spodoptera damage in greengram,chloropyriphos 15mllt of water
asked about rotation of crop,esc to atic
asked about leaf folder in paddy,recommanded spray acephate15grltr of water apply
asked about variety of tomato,recommanded varieties arka vikas
ask about flowering not development for a long duration in lemone,recommanded to apply borax powder
ask about implements,esc to farm implements
hispa damage in paddy,spray quinolphos 2mllt of water
information rgarding farm implements,esc to farm implements section
asked about the remedy for making fish pond into cultivable land,esc to atic
askeed about the market rate,informed as per the reports provided
asked about control of stem borer in brinjal,recommended to spray carbaril 3gm1l water
asked about control of fruit dropping in citrus,recommended to spray planofix 25ml10 l water
asked about information on animal husbandry,esc to ah
asked about information on variety bio226,esc to atic
asked about the control of stem borer,recommended to spray cartap hydrochloride 2 gmltr
asked about control of fruit dropping in citrus,recommended to spray planophix 25ml10l water
asked about the control of fruit and shoot borer in brinjal,recommended to spray endosulkphan2mlliter
asked about the information regarding eucalyptus cultivation,esc to manage
asked about the control of fruit and shoot borer in brinjal,recommended to spray endosulphan2mlliter
asked about the market rate for turmeric in their markewt yard,informed him as per the reports provided
asked about the control of bph in paddy,recommended to spray applaud1liter3acres
asked about the control of pod boere in greengram,recommended to spray endosulphan2mlliter
asked about the control of pod boerer in green gram,recommended to spray endosulphan2mlliter
asked about varieties,recommended to choose malini or suravi or suruchi
asked about the market rate,informed as per the reports provided
asked about the control of flower drop,recommended to spray planophix 1 ml5 ltr
asked about information on imroved sonamasoori variety,esc to drr
asked about the varities of paddy which are suitable to water logging areas,suggested to grow mtu1061pla1100
asked about the weather report,informed as per the reports provided
asked about control of rice blast,recommended to spray tricyclozole 06gmlt
askedthe information on drip irrigation,given the informatipon as per provided
asked about control for weeds,recommended to spray pendimethaline 1316 litreacre
asked about the seed variety details,recommended to contact local districs jda
asked about market information for ir 64 variety,given information rs 730quin
asked about fertilizer application for oilpalm,recommended to apply 870gr urea 1250gr ssp 667gr mop 125gr mgso4
asked about control for sucking pests damage,recommended to spray profenophos 2mllitre
asked about the control of rhizome rot,recommended to spray copperoxychloride and monocrotophas
asked about varities,recommended varities safedkohir
asked about control for sucking pests,recommended to spray rogor 2mllitre
asked about varieties,recommended to choose mtu varieties
asked about the maketing infomation of the farm implements,esc to dom
asked written information about the mushroom cultivation,esc to manage
asked about vaireites which are having 160180 days duration,recommended to choose nlr 28600 or 33365 or 28523 or improved sonamasoori
asked about the control of flower dropping in coconut,suggested to apply potash at required quantity
asked about seed treatment,recommended to treat the seed with carbendazim 25grseed
asked about tissu culture varities,given to no 9490490304
asked about varities of rice,recommended varities are improved sonamasoori
asked about control for thrips damage,recommended to spray chlorpyripos 25mllitre
asked about varieties which are resistant for bph,recommended to choose improved sambamasoori or bpt4358
asked about seed treatment,seed treatment with raizobium
asked about the control of fruitlet drop,recommended to spray blitox 3gmltr and to apply potash
asked about the market rate,informed as per the reports provided
asked about seed treatment,recommended to treat the seed with carbendazim 25grkg seed
asked about the control of powdery mildew,suggested to spray carathane1mllit or balatane1glit of water
asked about control of rice blast,recommended to spray treicyclozole 06gmlt
asked about control for sucking pests damage,recommended to spray rogor 2mllitre
asked about fusarium disease in bittergaurd,recommended to spray copper oxy chloride coc 3gm1 leter water
asked about control for the footrot disease,recommended to spray chlorothalanil 2mllitre and apply bottom of the stem with bordo paste 1
asked about seed treatment of paddy,recommended to treat the seeds with mancozeb 4gmkg seed
asked about weather data,recommended answer given as per data
asked about fertilizer application,recommended to apply 110gr urea 50gr p 80gr mop
asked about the fertiliser dosage for one year plants,suggeted to apply 250g urea500g ssp and 850g mop
asked about control for weeds,recommended to spray benthiocarp 2litacre
asked about varieties,recommended to choose pkm1 or jafna
asked about control for weeds,recommended to spray benthiocarp 152lit acre
asked about the weed control,recommended to spray alachlor 501litacre
asked about information on seed rate for direct sowing,recommended to apply 1620kgs seed per acre
asked about the control of fruit drop,recommended to spray potash and blitox 3 gmltr
asked about subsidies,esc to coa
asked about control for weeds,recommended to spray benthiocarp 152 lit200lit wateracre
asked about varities,reommended varity lamhybrid1
asked about control for weeds,recommended to spray benthiocorp 152litresacre
asked about subsidies information on powertiller,esc to coa
asked about control of sheath rot in paddy,recommended to spray carbendazikm 1gm1lt water
asked about weather data,aswer given as per data
asked about control for weeds,recommended to spray benthiocorp 152 litacre
asked about the control of weedicide,recommended for the application of pendimithalin 15 ltracre
assked about control of weed control in paddy,recommended to spray 24d sodium salt 25mllt water
asked about control of stem bore in paddy,recommended to spray carbofura granules 10kgacre
asked about control for weeds,recommended to spray glyphocyte 8mllit
asked about the control of leaf spot,recommended for the application of copper oxy chloride 3 gmltr
asked about the control of stem borer,recommended for the application of cartaphydrochloride 3gmltr
asked about the weather report,informed him as per the reports provided
asked about the control of weeds,recommended to spray pendimithaline 15 ltracre
asked about control for gummosis,recommended to apply bordo paste
asked about control for leaf folder,recommended to spray acephate 15 gmlit
asked about avilability of azolla,esc to atic
asked about the control of flower drop,recommended for the application 0f planophix 1 ml5ltr
asked about control of flower drop in drumstic,recommended to spray planofix 25ml10 lt water
asked about the market rate for maize in kothapet market,informed that it is rs 800quintol this is as per the reports provided to us
asked about control for stem borer damage,recommended to spray cartop hydrochloride 2grlitre
asked about control for bph,recommended to spray acephate 15grlitre
asked about the control of whitefly,recommended to spray acephate 15glit of water
asked about the control of weeds,recommended for the application of 24df 1800gmgramoxone 1ltracre
asked about the control of leaf spot,recommended for the application of blitox 3 gmltr
asked for the weather forecast of 18th august o6,informed that the sky would be partly cloudy but there is no forecast of downpore
asked for the weather forecast of 18th august o6,informed that the sky would be partly cloudy but there is no forecast of downpore
weedicide for 20 day old paddy crop,suggested spraying of 2 4 d sodium salt 400 ml per acre of crop
wanted contact no of insurance company,given contact no 25240235 of united india insurance
asked for the fertilizer application in mainfield preparation of paddy,suggested to apply 10kg urea 30kg dap 30kg mop per acre at last puddling
asked for control for shootfruit borer,recommended to spray chloripyriphos2mllit
asked about banana variety,variety suggested is tellachekarakelli
asked about the control of stemborer,recommended to spray acephate 15glit of water
asked about the control of sheath blight,recommended for the application of propiconozole 2 mlltr
asked about control of sucking pests,recommended to spray carbaryl 3gmkg seed
asked about the control of weeds,recommended to spray pendimethalin 15lacre
asked about the control of weed,recommended to spray pendimethalin 15lacre
asked about control of bph,recommended for the application of monocrotaphos 22mllit
asked about the control of stem bhorer,recomended to spray chloropyriphos25mllit
asked about the control of sucking pests,recommended for the application of dimethoate 2mllit
asked about fertiliser dosage,informed to that dosage is n 32kgp 24kgk 1620 kgacre
asked about the control of stem borer,recommended to spray chloripyriphos 25mllit of water
asked about the control of stem borer,recommended for the application of cartaphydrochloride 2gmltr
asked about the control of stem borer,recommended to spray chloropyriphos 2mllit
asked about the fertilizer dosage,informed to apply 30g urea 30g mopplant
asked about the control of weeds,recomended for the application of paraquot 40ml10lit
asked about the control of stem borer,recommended to spray chloripyriphos 25mllit of water
asked about the control of stem borer,recommended to spray chloripyriphos 25mllit of water
asked about the control of fruit borer,recommended to spray prophenophis2mllit of water
asked about the control of fruit borer,recommended to spray prophenophis2mllit of water
asked about control of stem borer,recomended for the application of chloripyriphos 2mllit
asked about control of stem borer,recomended for the application of chloripyriphos 2mllit
asked about the seed treatment,suggested to treat the seed with thiram or capton 3gkg seed
asked about the seed treatment,suggested to treat the seed with thiram or capton 3gkg seed
asked about the control for blast,recommended to spray tricyclozole 05glit of water
asked about the control for blast,recommended to spray tricyclozole 05glit of water
asked about the weather report,given the weather report to the farmer
asked about the weather report,given the weather report to the farmer
asked about the control of tungrovirus,recomended to spray carboryl 25kgha
asked about the control of tungrovirus,recomended to spray carboryl 25kgha
asked about control of sheath blight,recomended for the applicaton propichonazal 1mllit
asked about control of sheath blight,recomended for the applicaton propichonazal 1mllit
asked about the control of bph,recommended to spray monocrotophos 2mllit of water
asked about the control of bph,recomended to spray monocrotophos 22mllit
asked about the control of blast,recommended to spray tricyclozole 06glit of water
asked about weather report,informed as for the provided data
asked about the control of leaf spots,recommended for the application of blitox 3gmltr
asked about the control of tungrovirus,recomended for the application of monocrotophos 22mllit
asked about the contyrol of stem borer,recommended to spray chloripyrphos 25mllit of water
asked about the control of sheath blight,recommended to spray hexaconazole 2mllit of water
asked about the hormone for flowering,recommended for the application of naa 1ml5ltr
asked about the control of leafblotch,recomended fo9r the application of propiconazole 1mllit
asked about control of powdery mildew,recomended for the application of mancozeb 25gmlt
asked about the cm pashu kranthi schemes,informed as per provided data
asked about control of bph,recomended for the application of monocrotophas 22mllit
asked about the control of white flies in cotton,recommended to spray profenophos 2mllit
asked about the control of blast,recomended to spray tricyclozole 06glit
asked about the control of bph in rice,recommended to spray ethofenphos 15mllit
asked about control of sheath rot in rice,recommended to spray benomil 05 grlit
asked about the control of tobacco caterpillar,recommended to spray endosulphan 2mllit
asked about the control of citrus canker,recommended to spray streptocyclin 1g blitox 30g per 10 lit of water
asked about for zn defficiency,recommended to spray znso4 2glit of water
asked about the control of pink borer,recommended to spray endosulphan 2 mllit2 times in 20 days
asked about control of zinc deficency,recomended for the application of zinc sulphate 2gmlit
asked about control choanephora blight,recomended for the application of coc 3gmlit
asked about the control of sheath blight,recommended to spray hexaconazole 2mllit of water
asked about the remedy for the zn defficiency,recommended to spray znso4 2glit of water
asked about control of bph,recommended for the application of monocrotophos 22mllit
asked about control of stem borer,recommended for the application of monocrotophos 16mllit
asked about the control of aphids,recommended to spray methyldemeton 2 mllit
asked about the control of sucking pests,recommended to spray fasalon 2 mllit
asked about the control of white fly,recommended to spray triazophos 25 mllit
asked about the control of bph,recomended to spray carboryl 3gm lit
asked about the control of tobacco caterpillar,recomended to spray chloripyripos 2mllit
asked about the control of wilt,recommended to drain out water immediatlyraise lbg611
asked about the control of sheath blight,recommended to spray hexaconazole 2mllit of water
